{"cameraMode":{"drawMode":0,"name":"Shaded","section":"Shading Mode"},"sceneLighting":true,"audioPlay":false,"sceneViewState":{"showFog":true,"showMaterialUpdate":false,"showSkybox":true,"showFlares":true,"showImageEffects":true,"showParticleSystems":true},"in2DMode":false,"pivot":{"x":-0.2199520468711853,"y":2.1178455352783205,"z":-1.2602882385253907},"rotation":{"x":0.03638402745127678,"y":0.9564254879951477,"z":-0.13605844974517823,"w":0.2557629346847534},"size":19.893775939941408,"orthographic":false}